{"sections":{"main":{"type":"main-page","disabled":true,"settings":{"padding_top":28,"padding_bottom":28}},"image_banner_zCjVHK":{"type":"image-banner","blocks":{"heading_9eGGaj":{"type":"heading","settings":{"heading":"Elevate Your Victories with Customized Trophies","heading_size":"h1"}},"text_UWLxbn":{"type":"text","settings":{"text":"Personalized Sports Awards Tailored to Celebrate Your Team's Triumphs Crafting Memories, One Victory at a Time.","text_style":"subtitle"}},"buttons_DLUxRA":{"type":"buttons","disabled":true,"settings":{"button_label_1":"Button label","button_link_1":"","button_style_secondary_1":false,"button_label_2":"Button label","button_link_2":"","button_style_secondary_2":false}}},"block_order":["heading_9eGGaj","text_UWLxbn","buttons_DLUxRA"],"custom_css":[".banner__box.content-container.content-container--full-width-mobile.color-inverse.gradient {background-color: rgba(0, 0, 0, 0.8);}"],"settings":{"image":"shopify:\/\/shop_images\/customTrophieBanner.jpg","image_overlay_opacity":0,"image_height":"small","adapt_height_first_image":false,"desktop_content_position":"middle-center","show_text_box":true,"desktop_content_alignment":"center","color_scheme":"inverse","mobile_content_alignment":"center","stack_images_on_mobile":true,"show_text_below":true}},"quote_form_7AerEU":{"type":"quote-form","blocks":{"email_fDwXPP":{"type":"email","settings":{"label":"Email","placeholder":"Email address","required":true}},"text_hmYzQ4":{"type":"text","settings":{"label":"Team Sport","placeholder":"(Examples: Football, Baseball, Volleyball)","required":true}},"text_wm6Gtw":{"type":"text","settings":{"label":"Team Name","placeholder":"","required":false}},"text_L3P3Lt":{"type":"text","settings":{"label":"How many Awards do you need?","placeholder":"","required":true}},"text_hPNmrj":{"type":"text","settings":{"label":"Team Colors","placeholder":"(Example: Purple and Yellow)","required":false}},"file_Cdp8cw":{"type":"file","settings":{"label":"Do you have a logo? If you do please upload.","placeholder":"","required":false}},"textarea_DpLy3x":{"type":"textarea","settings":{"label":"Any other information you would like to share about your design vision.","placeholder":"","required":false}}},"block_order":["email_fDwXPP","text_hmYzQ4","text_wm6Gtw","text_L3P3Lt","text_hPNmrj","file_Cdp8cw","textarea_DpLy3x"],"settings":{"heading":"Trophy Quote Form","heading_size":"h2","text":"<p><strong>Instructions: <\/strong>Design your perfect trophy with our custom quote form. Receive a personalized quote and step-by-step instructions for your unique design. Get ready to showcase your achievements with a one-of-a-kind trophy.<\/p>","color_scheme":"background-1","padding_top":36,"padding_bottom":36}}},"order":["main","image_banner_zCjVHK","quote_form_7AerEU"]}