{"sections":{"main":{"type":"main-page","disabled":true,"settings":{"padding_top":28,"padding_bottom":28}},"image_banner_N9cA9V":{"type":"image-banner","blocks":{"heading_wJrQBP":{"type":"heading","settings":{"heading":"Champion your brand.","heading_size":"h1"}},"text_PLBEGx":{"type":"text","settings":{"text":"Capture attention and leave a lasting impression with a personalized helmet like no other. Whether you're a visionary business leader commemorating your team's triumphs, a savvy marketer seeking a distinctive promotional tool, or an influential figure aiming to make a statement, touchdown at Sports Live Decals.","text_style":"body"}},"buttons_nWpH33":{"type":"buttons","settings":{"button_label_1":"Request a Quote","anchor":true,"anchor_link":"shopify-section-template--16585547677856__contact_form_dgQwE6","button_link_1":"","button_style_secondary_1":false,"button_label_2":"Watch Video","button_link_2":"https:\/\/youtu.be\/yeom8-bgcC0?si=P_mO66I3LYt7NZNr","button_style_secondary_2":true}}},"block_order":["heading_wJrQBP","text_PLBEGx","buttons_nWpH33"],"custom_css":[".banner__box.content-container.content-container--full-width-mobile.color-inverse.gradient {background-color: rgba(0, 0, 0, 0.8);}"],"settings":{"image":"shopify:\/\/shop_images\/customHelmetsBanner.jpg","image_overlay_opacity":0,"image_height":"small","adapt_height_first_image":false,"desktop_content_position":"middle-center","show_text_box":true,"desktop_content_alignment":"center","color_scheme":"inverse","mobile_content_alignment":"center","stack_images_on_mobile":true,"show_text_below":true}},"image_with_text_HeHreE":{"type":"image-with-text","blocks":{"heading_UXbCtX":{"type":"heading","settings":{"heading":"We make it easy to design a winning helmet.","heading_size":"h1"}},"text_HEFjmm":{"type":"text","settings":{"text":"<p>Expert guidance, the highest-quality helmets, and unbeatable customization options to bring your brand vision to life.<\/p><ul><li>Choose your helmet from one of our top brands.<\/li><li>Send us your logo and any additional design ideas.<\/li><li>Accessorize with facemasks, 3D bumpers and decals.<\/li><li>Approve the design and wait for your epic helmet to arrive!<\/li><\/ul>","text_style":"body"}}},"block_order":["heading_UXbCtX","text_HEFjmm"],"settings":{"image":"shopify:\/\/shop_images\/side-decals.jpg","height":"adapt","desktop_image_width":"medium","layout":"image_first","desktop_content_position":"top","desktop_content_alignment":"left","content_layout":"overlap","color_scheme":"background-2","mobile_content_alignment":"center","padding_top":36,"padding_bottom":36}},"rich_text_dEYNkc":{"type":"rich-text","blocks":{"heading_PtcVE9":{"type":"heading","settings":{"heading":"Feel free to reach out to us through the chat feature located in the bottom right corner, or simply drop us an email using the contact form provided below. We're here to assist you!","heading_size":"h2"}}},"block_order":["heading_PtcVE9"],"settings":{"color_scheme":"background-1","full_width":true,"padding_top":20,"padding_bottom":20}},"contact_form_dgQwE6":{"type":"contact-form","settings":{"heading":"Contact form","heading_size":"h2","color_scheme":"accent-2","padding_top":32,"padding_bottom":32}}},"order":["main","image_banner_N9cA9V","image_with_text_HeHreE","rich_text_dEYNkc","contact_form_dgQwE6"]}