{"current":{"colors_solid_button_labels":"#0a0a0a","colors_accent_1":"#00b4d8","gradient_accent_1":"","colors_accent_2":"#0090b3","gradient_accent_2":"","colors_text":"#ffffff","colors_outline_button_labels":"#ffffff","colors_background_1":"#0a0a0a","gradient_background_1":"","colors_background_2":"#141414","gradient_background_2":"","type_header_font":"assistant_n4","heading_scale":100,"type_body_font":"assistant_n4","body_scale":100,"page_width":1200,"spacing_sections":0,"spacing_grid_horizontal":24,"spacing_grid_vertical":24,"buttons_border_thickness":1,"buttons_border_opacity":100,"buttons_radius":0,"buttons_shadow_opacity":0,"buttons_shadow_horizontal_offset":0,"buttons_shadow_vertical_offset":4,"buttons_shadow_blur":5,"variant_pills_border_thickness":1,"variant_pills_border_opacity":55,"variant_pills_radius":0,"variant_pills_shadow_opacity":0,"variant_pills_shadow_horizontal_offset":0,"variant_pills_shadow_vertical_offset":4,"variant_pills_shadow_blur":5,"inputs_border_thickness":1,"inputs_border_opacity":55,"inputs_radius":0,"inputs_shadow_opacity":0,"inputs_shadow_horizontal_offset":0,"inputs_shadow_vertical_offset":4,"inputs_shadow_blur":5,"card_style":"card","card_image_padding":0,"card_text_alignment":"left","card_color_scheme":"background-2","card_border_thickness":0,"card_border_opacity":10,"card_corner_radius":0,"card_shadow_opacity":0,"card_shadow_horizontal_offset":0,"card_shadow_vertical_offset":4,"card_shadow_blur":5,"text_boxes_border_thickness":0,"text_boxes_border_opacity":10,"text_boxes_radius":0,"text_boxes_shadow_opacity":0,"text_boxes_shadow_horizontal_offset":0,"text_boxes_shadow_vertical_offset":4,"text_boxes_shadow_blur":5,"media_border_thickness":1,"media_border_opacity":5,"media_radius":0,"media_shadow_opacity":0,"media_shadow_horizontal_offset":0,"media_shadow_vertical_offset":0,"media_shadow_blur":5,"popup_border_thickness":1,"popup_border_opacity":10,"popup_corner_radius":0,"popup_shadow_opacity":0,"popup_shadow_horizontal_offset":0,"popup_shadow_vertical_offset":4,"popup_shadow_blur":5,"drawer_border_thickness":1,"drawer_border_opacity":10,"drawer_shadow_opacity":0,"drawer_shadow_horizontal_offset":0,"drawer_shadow_vertical_offset":4,"drawer_shadow_blur":5,"badge_position":"bottom left","badge_corner_radius":0,"sale_badge_color_scheme":"accent-2","sold_out_badge_color_scheme":"inverse","accent_icons":"text","social_twitter_link":"","social_facebook_link":"","social_pinterest_link":"","social_instagram_link":"","social_tiktok_link":"","social_tumblr_link":"","social_snapchat_link":"","social_youtube_link":"","social_vimeo_link":"","predictive_search_enabled":true,"predictive_search_show_vendor":false,"predictive_search_show_price":false,"currency_code_enabled":false,"mamuta_product_header_inherit":false,"mamuta_product_header_background_color":"#3d4246","mamuta_product_header_backgound_inherit":false,"mamuta_first_line_text_color":"#f3f3f3","mamuta_product_text_inherit":false,"mamuta_product_background_color":"#f3f3f3","mamuta_product_backgound_inherit":false,"mamuta_first_line_background_inherit":false,"mamuta_product_side_border_disable":true,"mamuta_product_font_inherit":false,"mamuta_product_text_size":12,"mamuta_product_text_weight":300,"mamuta_product_header_size":18,"mamuta_product_header_weight":400,"sections":{"announcement-bar":{"type":"announcement-bar","blocks":{"announcement-bar-0":{"type":"announcement","disabled":true,"settings":{"text":"5 to 8 day business turn around on most orders.","color_scheme":"background-1","link":""}}},"block_order":["announcement-bar-0"],"settings":{}},"header":{"type":"header","settings":{"color_scheme":"background-1","logo":"shopify:\/\/shop_images\/SL-word-logo-mid_b1a2aeaf-3e91-45bd-ac9a-7d123a1b7aca.png","logo_width":250,"logo_position":"top-left","menu":"main-menu","menu_type_desktop":"dropdown","show_line_separator":true,"enable_sticky_header":true,"margin_bottom":0}},"footer":{"type":"footer","blocks":{"footer-0":{"type":"link_list","settings":{"heading":"Quick links","menu":"footer"}},"footer-2":{"type":"text","settings":{"heading":"Our mission","subtext":"<p>To produce top quality design work that attracts the masses to our clients products, teams and companies. <\/p>"}}},"block_order":["footer-0","footer-2"],"settings":{"color_scheme":"accent-1","newsletter_enable":true,"newsletter_heading":"Subscribe to our emails","show_social":true,"enable_country_selector":false,"enable_language_selector":false,"payment_enable":true,"margin_top":0,"padding_top":36,"padding_bottom":36}},"main-password-header":{"type":"main-password-header","settings":{"logo_max_width":100,"color_scheme":"background-1"}},"main-password-footer":{"type":"main-password-footer","settings":{"color_scheme":"background-1"}}},"content_for_index":[],"blocks":{"8171265131012698934":{"type":"shopify:\/\/apps\/quantity-discount-limitsify\/blocks\/orichi-discount\/3f38eaa3-2a3f-4e55-bcc9-df5d3f75e351","disabled":false,"settings":{}},"15683396631634586217":{"type":"shopify:\/\/apps\/inbox\/blocks\/chat\/841fc607-4181-4ad1-842d-e24d7f8bad6b","disabled":false,"settings":{"button_color":"#202a36","button_icon":"chat_bubble","button_text":"no_text","button_horizontal_position":"bottom_right","button_vertical_position":"lowest","greeting_message":"👋 Hi, message us with any questions. We're happy to help!"}},"2187360915322861293":{"type":"shopify:\/\/apps\/uploadly-file-upload\/blocks\/app-embed\/d91e9a53-de3d-49df-b7a1-ac8a15b213e5","disabled":true,"settings":{}},"246135896087123374":{"type":"shopify:\/\/apps\/1clickpopup\/blocks\/main\/233742b9-16cb-4f75-9de7-3fe92c29fdff","disabled":false,"settings":{}},"15132424025755801183":{"type":"shopify:\/\/apps\/upload-lift\/blocks\/app-embed\/3c98bdcb-7587-4ade-bfe4-7d8af00d05ca","disabled":false,"settings":{}}}},"presets":{"Default":{"colors_solid_button_labels":"#ffffff","colors_accent_1":"#121212","gradient_accent_1":"","colors_accent_2":"#334fb4","gradient_accent_2":"","colors_text":"#121212","colors_outline_button_labels":"#121212","colors_background_1":"#ffffff","gradient_background_1":"","colors_background_2":"#f3f3f3","gradient_background_2":"","type_header_font":"assistant_n4","heading_scale":100,"type_body_font":"assistant_n4","body_scale":100,"page_width":1200,"spacing_sections":0,"spacing_grid_horizontal":8,"spacing_grid_vertical":8,"buttons_border_thickness":1,"buttons_border_opacity":100,"buttons_radius":0,"buttons_shadow_opacity":0,"buttons_shadow_horizontal_offset":0,"buttons_shadow_vertical_offset":4,"buttons_shadow_blur":5,"variant_pills_border_thickness":1,"variant_pills_border_opacity":55,"variant_pills_radius":40,"variant_pills_shadow_opacity":0,"variant_pills_shadow_horizontal_offset":0,"variant_pills_shadow_vertical_offset":4,"variant_pills_shadow_blur":5,"inputs_border_thickness":1,"inputs_border_opacity":55,"inputs_radius":0,"inputs_shadow_opacity":0,"inputs_shadow_horizontal_offset":0,"inputs_shadow_vertical_offset":4,"inputs_shadow_blur":5,"card_style":"standard","card_image_padding":0,"card_text_alignment":"left","card_color_scheme":"background-2","card_border_thickness":0,"card_border_opacity":10,"card_corner_radius":0,"card_shadow_opacity":0,"card_shadow_horizontal_offset":0,"card_shadow_vertical_offset":4,"card_shadow_blur":5,"text_boxes_border_thickness":0,"text_boxes_border_opacity":10,"text_boxes_radius":0,"text_boxes_shadow_opacity":0,"text_boxes_shadow_horizontal_offset":0,"text_boxes_shadow_vertical_offset":4,"text_boxes_shadow_blur":5,"media_border_thickness":1,"media_border_opacity":5,"media_radius":0,"media_shadow_opacity":0,"media_shadow_horizontal_offset":0,"media_shadow_vertical_offset":4,"media_shadow_blur":5,"popup_border_thickness":1,"popup_border_opacity":10,"popup_corner_radius":0,"popup_shadow_opacity":0,"popup_shadow_horizontal_offset":0,"popup_shadow_vertical_offset":4,"popup_shadow_blur":5,"drawer_border_thickness":1,"drawer_border_opacity":10,"drawer_shadow_opacity":0,"drawer_shadow_horizontal_offset":0,"drawer_shadow_vertical_offset":4,"drawer_shadow_blur":5,"badge_position":"bottom left","badge_corner_radius":40,"sale_badge_color_scheme":"accent-2","sold_out_badge_color_scheme":"inverse","accent_icons":"text","social_twitter_link":"","social_facebook_link":"","social_pinterest_link":"","social_instagram_link":"","social_tiktok_link":"","social_tumblr_link":"","social_snapchat_link":"","social_youtube_link":"","social_vimeo_link":"","predictive_search_enabled":true,"predictive_search_show_vendor":false,"predictive_search_show_price":false,"currency_code_enabled":true,"sections":{"announcement-bar":{"type":"announcement-bar","blocks":{"announcement-bar-0":{"type":"announcement","settings":{"text":"Welcome to our store","color_scheme":"background-1","link":""}}},"block_order":["announcement-bar-0"],"settings":{}},"header":{"type":"header","settings":{"color_scheme":"background-1","logo_width":90,"logo_position":"middle-left","menu":"main-menu","show_line_separator":true,"enable_sticky_header":true,"margin_bottom":0}},"footer":{"type":"footer","blocks":{"footer-0":{"type":"link_list","settings":{"heading":"Quick links","menu":"footer"}},"footer-1":{"type":"link_list","settings":{"heading":"Info","menu":"footer"}},"footer-2":{"type":"text","settings":{"heading":"Our mission","subtext":"<p>Share contact information, store details, and brand content with your customers.<\/p>"}}},"block_order":["footer-0","footer-1","footer-2"],"settings":{"color_scheme":"background-1","newsletter_enable":true,"newsletter_heading":"Subscribe to our emails","show_social":true,"enable_country_selector":false,"enable_language_selector":false,"payment_enable":true,"margin_top":48,"padding_top":36,"padding_bottom":36}},"main-password-header":{"type":"main-password-header","settings":{"logo_max_width":100,"color_scheme":"background-1"}},"main-password-footer":{"type":"main-password-footer","settings":{"color_scheme":"background-1"}}}}}}