{"sections":{"cart-items":{"type":"main-cart-items","settings":{"show_vendor":false,"padding_top":36,"padding_bottom":36}},"cart-footer":{"type":"main-cart-footer","blocks":{"subtotal":{"type":"subtotal","settings":{}},"buttons":{"type":"buttons","settings":{}}},"block_order":["subtotal","buttons"],"settings":{"show_cart_note":false}},"featured-collection":{"type":"featured-collection","settings":{"title":"Featured collection","heading_size":"h2","description":"","show_description":false,"description_style":"body","collection":"all","products_to_show":4,"columns_desktop":4,"full_width":false,"show_view_all":true,"view_all_style":"solid","enable_desktop_slider":false,"color_scheme":"background-1","image_ratio":"square","show_secondary_image":false,"show_vendor":false,"show_rating":false,"enable_quick_add":false,"columns_mobile":"2","swipe_on_mobile":false,"padding_top":36,"padding_bottom":36}},"1658432046853d28c2":{"type":"apps","blocks":{"5bb96126-885a-4b2b-9caf-81df74ffb365":{"type":"shopify:\/\/apps\/product-options-customizer\/blocks\/cart-page-customizer\/6857ca6c-35eb-4b6f-9d58-a039f31d9406","settings":{"heading":"Product Customizer - Cart Page","pc_cart_advanced_custom_css":"","pc_cart_advanced_custom_js":""}}},"block_order":["5bb96126-885a-4b2b-9caf-81df74ffb365"],"settings":{"include_margins":true}}},"order":["cart-items","cart-footer","featured-collection","1658432046853d28c2"]}