{"sections":{"main":{"type":"main-page","disabled":true,"settings":{"padding_top":16,"padding_bottom":16}},"image_with_text_H89Jyj":{"type":"image-with-text","blocks":{"heading_Agz44N":{"type":"heading","settings":{"heading":"Dynamic Design and Print Solutions","heading_size":"h1"}},"text_wCBBX8":{"type":"text","settings":{"text":"<p>At SportsLive, we specialize in providing comprehensive logo and brand design services tailored to elevate your business. Our expert team of designers and branding professionals work closely with you to create a unique and memorable brand identity that resonates with your target audience. We offer a full suite of services, including custom logo design, brand strategy development, color palette selection, typography, and visual style guidelines. Whether you're launching a new business or rebranding an existing one, we ensure that your brand stands out with a cohesive and professional look. Our goal is to help you build a strong brand presence that reflects your values, engages your customers, and drives your business forward.<\/p>","text_style":"body"}},"button_dgwMdH":{"type":"button","disabled":true,"settings":{"button_label":"Button label","button_link":""}}},"block_order":["heading_Agz44N","text_wCBBX8","button_dgwMdH"],"settings":{"image":"shopify:\/\/shop_images\/Sushi-Fiesta-Brand-SHeet.jpg","height":"adapt","desktop_image_width":"medium","layout":"image_first","desktop_content_position":"top","desktop_content_alignment":"left","content_layout":"no-overlap","color_scheme":"background-1","mobile_content_alignment":"left","padding_top":36,"padding_bottom":36}},"collapsible_content_RYyGYR":{"type":"collapsible-content","blocks":{"collapsible_row_fDhhAq":{"type":"collapsible_row","settings":{"heading":"How long does it take to get my order? ","icon":"check_mark","row_content":"<p><em>Most Decal orders take 5 to 8 business days once design is approved.<\/em><\/p><p><em>All other projects which include, flags, banners, signs, car wraps, and trophies; 10-14 business days upon receiving final payment. <\/em><\/p>","page":""}},"collapsible_row_NiadRM":{"type":"collapsible_row","settings":{"heading":"Collapsible row","icon":"check_mark","row_content":"","page":""}},"collapsible_row_A98YLz":{"type":"collapsible_row","settings":{"heading":"Can I order just one custom decal set?","icon":"check_mark","row_content":"<p><em>No, but we do offer a collectors set that will include custom art, and 2 full sets.<\/em><a href=\"https:\/\/sportslivedecals.com\/products\/collector-small-run-custom-set-full-size-only\"><em>Click here to purchase<\/em><\/a><\/p>","page":""}},"collapsible_row_fPYAVq":{"type":"collapsible_row","settings":{"heading":"What is the minimum order for custom  decals? ","icon":"check_mark","row_content":"<p><em>The minimum order is 15 sets for team orders. The minimum order is 18 sets for mini helmet decals. $200<\/em>minimum<em>for custom acrylic trophies.<\/em><\/p>","page":""}},"collapsible_row_PECjym":{"type":"collapsible_row","settings":{"heading":"Do we charge for designing?","icon":"check_mark","row_content":"<p><em>Your design work is part of your project, there is no <\/em>separate <em>charge for design.<\/em><\/p>","page":""}}},"block_order":["collapsible_row_fDhhAq","collapsible_row_NiadRM","collapsible_row_A98YLz","collapsible_row_fPYAVq","collapsible_row_PECjym"],"disabled":true,"settings":{"caption":"","heading":"F.A.Q.'s","heading_size":"h1","heading_alignment":"center","layout":"none","color_scheme":"background-1","container_color_scheme":"background-2","open_first_collapsible_row":false,"image_ratio":"adapt","desktop_layout":"image_second","padding_top":36,"padding_bottom":36}},"contact_form_3ENTJw":{"type":"contact-form","disabled":true,"settings":{"heading":"Contact form","heading_size":"h1","color_scheme":"accent-2","padding_top":36,"padding_bottom":36}},"new_contact_form_m9RG6P":{"type":"new-contact-form","blocks":{"branding_wzUdq4":{"type":"Branding","settings":{"branding_heading":"Branding","branding_id1":"Logo Design","branding_id2":"Naming","branding_id3":"Stationary Designs","branding_id4":"Tagline Development","branding_id5":"Vehicle Wrap design","branding_id6":"Sign Design"}},"digital_kUGQda":{"type":"Digital","settings":{"digital_heading":"Digital","digital_id1":"Menu","digital_id2":"Web Site Design","digital_id3":"Ecommerce Development","digital_id4":"Email Marketing Campaign","digital_id5":"","digital_id6":""}},"print_Vhnbyf":{"type":"Print","settings":{"print_heading":"Print","print_id1":"Menu","print_id2":"Direct Mail","print_id3":"Banners","print_id4":"Signage","print_id5":"QR Stickers","print_id6":"Vehicle or Wall Wraps"}},"text_RRAE8h":{"type":"Text","settings":{"text_info":"other service not listed above."}},"budget_jRP9Ua":{"type":"Budget","disabled":true,"settings":{"budget_heading":"WHAT IS YOUR IDEAL BUDGET?","budget_id1":"$5000-$10000","budget_id2":"$10000-$20000","budget_id3":"$20000-$50000","budget_id4":"50000+","budget_id5":"Other Amount","budget_id6":""}}},"block_order":["branding_wzUdq4","digital_kUGQda","print_Vhnbyf","text_RRAE8h","budget_jRP9Ua"],"settings":{"heading":"YOUR DETAILS","heading_size":"h2","conatct_heading2":"WHAT SERVICES ARE YOU INTRESTED IN?","conatct_info":"Select All That Apply(Note:costs for campaigns are based on annualized program.)","padding_top":36,"padding_bottom":36}}},"order":["main","image_with_text_H89Jyj","collapsible_content_RYyGYR","contact_form_3ENTJw","new_contact_form_m9RG6P"]}