{"sections":{"collapsible_content_TEYUKK":{"type":"collapsible-content","blocks":{"collapsible_row_zjUVkr":{"type":"collapsible_row","settings":{"heading":"How long does it take to get my order? ","icon":"check_mark","row_content":"<p><em>Most Decal orders take 5 to 8 business days once design is approved.<\/em><\/p><p><em>All other projects which include, flags, banners, signs, car wraps, and trophies; 10-14 business days upon receiving final payment. <\/em><\/p>","page":""}},"collapsible_row_RWb8zq":{"type":"collapsible_row","settings":{"heading":"Can I order just one custom decal set?","icon":"check_mark","row_content":"<p><em>No, but we do offer a collectors set that will include custom art, and 2 full sets.<\/em><a href=\"https:\/\/sportslivedecals.com\/products\/collector-small-run-custom-set-full-size-only\"><em>Click here to purchase<\/em><\/a><\/p>","page":""}},"collapsible_row_fwzz9R":{"type":"collapsible_row","settings":{"heading":"What is the minimum order for custom  decals? ","icon":"check_mark","row_content":"<p><em>The minimum order is 15 sets for team orders. The minimum order is 18 sets for mini helmet decals. <br\/><br\/>$200 <\/em>minimum<em> for custom acrylic trophies.<\/em><\/p>","page":""}},"collapsible_row_Tqbjh6":{"type":"collapsible_row","settings":{"heading":"Do we charge for designing?","icon":"check_mark","row_content":"<p><em>Your design work is part of your project, there is no <\/em>separate<em> charge for design.<\/em><\/p>","page":""}}},"block_order":["collapsible_row_zjUVkr","collapsible_row_RWb8zq","collapsible_row_fwzz9R","collapsible_row_Tqbjh6"],"settings":{"caption":"","heading":"F.A.Q.'s","heading_size":"h2","heading_alignment":"left","layout":"none","color_scheme":"background-1","container_color_scheme":"background-2","open_first_collapsible_row":false,"image_ratio":"adapt","desktop_layout":"image_second","padding_top":36,"padding_bottom":36}},"main":{"type":"main-page","disabled":true,"settings":{"padding_top":28,"padding_bottom":28}},"1708675492c1085363":{"type":"apps","settings":{"include_margins":true}},"contact_form_dgQwE6":{"type":"contact-form","settings":{"heading":"Contact form","heading_size":"h2","color_scheme":"accent-2","padding_top":20,"padding_bottom":20}}},"order":["collapsible_content_TEYUKK","main","1708675492c1085363","contact_form_dgQwE6"]}