{"sections":{"main":{"type":"main-product","blocks":{"vendor":{"type":"text","settings":{"text":"{{ product.vendor }}","text_style":"uppercase"}},"title":{"type":"title","settings":{}},"caption":{"type":"text","settings":{"text":"{{ product.metafields.descriptors.subtitle.value }}","text_style":"subtitle"}},"price":{"type":"price","settings":{}},"variant_picker":{"type":"variant_picker","settings":{"picker_type":"button"}},"245699cd-409d-459e-a9e3-0f065fb89df8":{"type":"buy_buttons","settings":{"show_dynamic_checkout":false}},"quantity_selector":{"type":"quantity_selector","settings":{}},"description":{"type":"description","settings":{}},"collapsible-row-0":{"type":"collapsible_tab","disabled":true,"settings":{"heading":"Materials","icon":"leather","content":"","page":""}},"collapsible-row-1":{"type":"collapsible_tab","disabled":true,"settings":{"heading":"Shipping & Returns","icon":"truck","content":"","page":""}},"collapsible-row-2":{"type":"collapsible_tab","disabled":true,"settings":{"heading":"Dimensions","icon":"ruler","content":"","page":""}},"collapsible-row-3":{"type":"collapsible_tab","disabled":true,"settings":{"heading":"Care Instructions","icon":"heart","content":"","page":""}},"share":{"type":"share","disabled":true,"settings":{"share_label":"Share"}}},"block_order":["vendor","title","caption","price","variant_picker","245699cd-409d-459e-a9e3-0f065fb89df8","quantity_selector","description","collapsible-row-0","collapsible-row-1","collapsible-row-2","collapsible-row-3","share"],"custom_css":["img.global-media-settings.global-media-settings--no-shadow {width: 55% !important;}",".product-customizer-options .product-customizer-option.option-type-checkbox input {top: 0; right: 0;}"],"settings":{"enable_sticky_info":true,"gallery_layout":"thumbnail","media_size":"small","mobile_thumbnails":"hide","hide_variants":true,"enable_video_looping":true,"padding_top":36,"padding_bottom":12}},"c40961ae4a3a7b1e5584":{"type":"apps","settings":{"include_margins":true}},"image-with-text":{"type":"image-with-text","blocks":{"image-with-text-0":{"type":"heading","settings":{"heading":"Image with text","heading_size":"h1"}},"image-with-text-1":{"type":"text","settings":{"text":"<p>Pair text with an image to focus on your chosen product, collection, or blog post. Add details on availability, style, or even provide a review.<\/p>","text_style":"body"}}},"block_order":["image-with-text-0","image-with-text-1"],"disabled":true,"settings":{"height":"small","desktop_image_width":"medium","layout":"text_first","desktop_content_position":"top","desktop_content_alignment":"left","content_layout":"no-overlap","color_scheme":"background-2","mobile_content_alignment":"left","padding_top":36,"padding_bottom":36}},"multicolumn":{"type":"multicolumn","blocks":{"column-0":{"type":"column","disabled":true,"settings":{"title":"Free Shipping","text":"<p>Pair text with an image to focus on your chosen product, collection, or blog post. Add details on availability, style, or even provide a review.<\/p>","link_label":"","link":""}},"column-1":{"type":"column","disabled":true,"settings":{"title":"Hassle-Free Exchanges","text":"<p>Pair text with an image to focus on your chosen product, collection, or blog post. Add details on availability, style, or even provide a review.<\/p>","link_label":"","link":""}}},"block_order":["column-0","column-1"],"disabled":true,"settings":{"title":"","heading_size":"h1","image_width":"full","image_ratio":"adapt","columns_desktop":2,"column_alignment":"left","background_style":"none","button_label":"","button_link":"","color_scheme":"background-1","columns_mobile":"1","swipe_on_mobile":false,"padding_top":36,"padding_bottom":36}},"product-recommendations":{"type":"product-recommendations","settings":{"heading":"You may also like","heading_size":"h2","products_to_show":4,"columns_desktop":4,"color_scheme":"background-1","image_ratio":"square","show_secondary_image":true,"show_vendor":false,"show_rating":false,"columns_mobile":"2","padding_top":36,"padding_bottom":28}}},"order":["main","c40961ae4a3a7b1e5584","image-with-text","multicolumn","product-recommendations"]}