{"sections":{"main":{"type":"main-product","blocks":{"vendor":{"type":"text","settings":{"text":"{{ product.vendor }}","text_style":"uppercase"}},"title":{"type":"title","settings":{}},"caption":{"type":"text","settings":{"text":"{{ product.metafields.descriptors.subtitle.value }}","text_style":"subtitle"}},"price":{"type":"price","settings":{}},"variant_picker":{"type":"variant_picker","settings":{"picker_type":"button"}},"custom_liquid_qaBQ9A":{"type":"custom_liquid","settings":{"custom_liquid":"<style>.custom.form__label{margin-bottom: 0.6rem}.field.custom{margin-top:0}.custom .field__input{padding-top:0.8rem}<\/style>  \n<label class=\"form__label custom\" for=\"helmet-color\">Helmet Color<\/label>\n<div class=\"field custom\">\n    <input class=\"field__input\" form=\"{{ 'product-form-' | append: section.id }}\" type=\"text\" id=\"helmet-color\" name=\"properties[Helmet Color]\" required>\n    <script>\n    document.addEventListener(\"DOMContentLoaded\", ()=>{document.querySelector(\"form[novalidate]\").removeAttribute(\"novalidate\")})\n    <\/script>\n<\/div>"}},"custom_liquid_zeUY98":{"type":"custom_liquid","settings":{"custom_liquid":"<style>.custom.form__label{margin-bottom: 0.6rem}.field.custom{margin-top:0}.custom .field__input{padding-top:0.8rem}<\/style>  \n<label class=\"form__label custom\" for=\"design-directions:-tell-us-about-your-team-colors,-special-font-names-or-hex#\">DESIGN DIRECTIONS: Tell us about your team colors, special font names or hex#<\/label>\n<div class=\"field custom\">\n<textarea class=\"text-area field__input\" id=\"design-directions:-tell-us-about-your-team-colors,-special-font-names-or-hex#\" form=\"{{ 'product-form-' | append: section.id }}\" \nrows=\"5\" name=\"properties[DESIGN DIRECTIONS: Tell us about your team colors, special font names or hex#]\" required><\/textarea>\n    <script>\n    document.addEventListener(\"DOMContentLoaded\", ()=>{document.querySelector(\"form[novalidate]\").removeAttribute(\"novalidate\")})\n    <\/script>\n<\/div>"}},"custom_liquid_yeWd8P":{"type":"custom_liquid","settings":{"custom_liquid":"<style>.custom.form__label{margin-bottom: 0.6rem}.field.custom{margin-top:0}.custom .field__input{padding-top:0.8rem}<\/style>  \n<label class=\"form__label custom\" for=\"numbers-please-enter-the-team-numbers-you-need-and-separate-them-with-a-,-(example:-2,-23,-34,-8...)\">Numbers Please enter the team numbers you need and separate them with a , (example: 2, 23, 34, 8...)<\/label>\n<div class=\"field custom\">\n<textarea class=\"text-area field__input\" id=\"numbers-please-enter-the-team-numbers-you-need-and-separate-them-with-a-,-(example:-2,-23,-34,-8...)\" form=\"{{ 'product-form-' | append: section.id }}\" \nrows=\"5\" name=\"properties[Numbers Please enter the team numbers you need and separate them with a , (example: 2, 23, 34, 8...)]\" required><\/textarea>\n    <script>\n    document.addEventListener(\"DOMContentLoaded\", ()=>{document.querySelector(\"form[novalidate]\").removeAttribute(\"novalidate\")})\n    <\/script>\n<\/div>"}},"custom_liquid_eyHrKV":{"type":"custom_liquid","disabled":true,"settings":{"custom_liquid":"<style>.file-upload-container {display: flex;align-items: center;}.file-name {margin-left: 10px;font-style: italic;}<\/style>\n<div class=\"product-form__input\">\n  <label class=\"form__label\">UPLOAD LOGO:  Please upload a copy of your logo or example<\/label>\n  <div class=\"file-upload-container\">\n    <input id=\"file-upload-logo:-please-upload-a-copy-of-your-logo-or-example\" form=\"{{ 'product-form-' | append: section.id }}\" \n    name=\"properties[UPLOAD LOGO:  Please upload a copy of your logo or example 1]\" multiple style=\"display: none;\" type=\"file\"  \/>\n    <button id=\"button-upload-logo:-please-upload-a-copy-of-your-logo-or-example\" class=\"button\">Upload File<\/button>\n    <p id=\"fileName-upload-logo:-please-upload-a-copy-of-your-logo-or-example\" class=\"file-name\">No file chosen<\/p>\n    <\/div>\n    <p id=\"errorMessage\" class=\"error-message\" style=\"display: none;margin-top:0;color:red\">Please upload your file(s).<\/p>\n<\/div>\n<script>\ndocument.getElementById('file-upload-logo:-please-upload-a-copy-of-your-logo-or-example').addEventListener('change', function(event) {\n      const files = event.target.files;\n    const fileInput = document.getElementById('file-upload-logo:-please-upload-a-copy-of-your-logo-or-example');\n    const originalForm = fileInput.getAttribute('form');\n    fileInput.parentNode.querySelectorAll('.dynamic-hidden-input-upload-logo:-please-upload-a-copy-of-your-logo-or-example').forEach(input => input.remove());\n    for (let i = 0; i < files.length-1; i++) {\n      const file = files[i];\n      const hiddenInput = document.createElement('input');\n      hiddenInput.type = 'file';\n      let myindex = i + 2\n      hiddenInput.name = 'properties[UPLOAD LOGO:  Please upload a copy of your logo or example ' + myindex +']';\n      hiddenInput.classList.add('dynamic-hidden-input-upload-logo:-please-upload-a-copy-of-your-logo-or-example');\n      hiddenInput.classList.add('hidden-input-fileupload');\n      hiddenInput.style.display = 'none';\n      hiddenInput.setAttribute('form', originalForm);\n      const dataTransfer = new DataTransfer();\n      dataTransfer.items.add(file);\n      hiddenInput.files = dataTransfer.files;\n      fileInput.parentNode.appendChild(hiddenInput);\n    }\n      let fileName;\n      if (files.length === 0) {fileName = 'No file chosen';} \n      else if (files.length === 1) {fileName = files[0].name;document.getElementById('errorMessage').style.display = 'none'; } \n      else {fileName = files.length + ' files';document.getElementById('errorMessage').style.display = 'none';}\n      document.getElementById('fileName-upload-logo:-please-upload-a-copy-of-your-logo-or-example').textContent = fileName;\n  });\n  document.getElementById('button-upload-logo:-please-upload-a-copy-of-your-logo-or-example').addEventListener('click', function() {\n    document.getElementById('file-upload-logo:-please-upload-a-copy-of-your-logo-or-example').click();\n  });\n<\/script>"}},"245699cd-409d-459e-a9e3-0f065fb89df8":{"type":"buy_buttons","settings":{"show_dynamic_checkout":false}},"quantity_selector":{"type":"quantity_selector","settings":{}},"description":{"type":"description","settings":{}},"collapsible-row-0":{"type":"collapsible_tab","disabled":true,"settings":{"heading":"Materials","icon":"leather","content":"","page":""}},"collapsible-row-1":{"type":"collapsible_tab","disabled":true,"settings":{"heading":"Shipping & Returns","icon":"truck","content":"","page":""}},"collapsible-row-2":{"type":"collapsible_tab","disabled":true,"settings":{"heading":"Dimensions","icon":"ruler","content":"","page":""}},"collapsible-row-3":{"type":"collapsible_tab","disabled":true,"settings":{"heading":"Care Instructions","icon":"heart","content":"","page":""}},"share":{"type":"share","disabled":true,"settings":{"share_label":"Share"}}},"block_order":["vendor","title","caption","price","variant_picker","custom_liquid_qaBQ9A","custom_liquid_zeUY98","custom_liquid_yeWd8P","custom_liquid_eyHrKV","245699cd-409d-459e-a9e3-0f065fb89df8","quantity_selector","description","collapsible-row-0","collapsible-row-1","collapsible-row-2","collapsible-row-3","share"],"custom_css":["img.global-media-settings.global-media-settings--no-shadow {width: 55% !important;}",".product-customizer-options .product-customizer-option.option-type-checkbox input {top: 0; right: 0;}"],"settings":{"enable_sticky_info":true,"gallery_layout":"thumbnail","media_size":"small","mobile_thumbnails":"hide","hide_variants":true,"enable_video_looping":true,"padding_top":36,"padding_bottom":12}},"c40961ae4a3a7b1e5584":{"type":"apps","settings":{"include_margins":true}},"image-with-text":{"type":"image-with-text","blocks":{"image-with-text-0":{"type":"heading","settings":{"heading":"Image with text","heading_size":"h1"}},"image-with-text-1":{"type":"text","settings":{"text":"<p>Pair text with an image to focus on your chosen product, collection, or blog post. Add details on availability, style, or even provide a review.<\/p>","text_style":"body"}}},"block_order":["image-with-text-0","image-with-text-1"],"disabled":true,"settings":{"height":"small","desktop_image_width":"medium","layout":"text_first","desktop_content_position":"top","desktop_content_alignment":"left","content_layout":"no-overlap","color_scheme":"background-2","mobile_content_alignment":"left","padding_top":36,"padding_bottom":36}},"multicolumn":{"type":"multicolumn","blocks":{"column-0":{"type":"column","disabled":true,"settings":{"title":"Free Shipping","text":"<p>Pair text with an image to focus on your chosen product, collection, or blog post. Add details on availability, style, or even provide a review.<\/p>","link_label":"","link":""}},"column-1":{"type":"column","disabled":true,"settings":{"title":"Hassle-Free Exchanges","text":"<p>Pair text with an image to focus on your chosen product, collection, or blog post. Add details on availability, style, or even provide a review.<\/p>","link_label":"","link":""}}},"block_order":["column-0","column-1"],"disabled":true,"settings":{"title":"","heading_size":"h1","image_width":"full","image_ratio":"adapt","columns_desktop":2,"column_alignment":"left","background_style":"none","button_label":"","button_link":"","color_scheme":"background-1","columns_mobile":"1","swipe_on_mobile":false,"padding_top":36,"padding_bottom":36}},"product-recommendations":{"type":"product-recommendations","settings":{"heading":"You may also like","heading_size":"h2","products_to_show":4,"columns_desktop":4,"color_scheme":"background-1","image_ratio":"square","show_secondary_image":true,"show_vendor":false,"show_rating":false,"columns_mobile":"2","padding_top":36,"padding_bottom":28}}},"order":["main","c40961ae4a3a7b1e5584","image-with-text","multicolumn","product-recommendations"]}