{"sections":{"banner":{"type":"main-collection-banner","custom_css":[".collection-hero__inner {display: none;}",".collection-hero__description {max-width: 100%; height: auto;}",".collection-hero.collection-hero--with-image {padding-top: 0;}",".collection-banner-title {background-color: #000; color: #fff;}",".media > *:not(.zoom):not(.deferred-media__poster-button),.media model-viewer {height: 275px; overflow: hidden;}",".media > img {object-fit: cover; object-position: left top;}"],"settings":{"show_collection_description":false,"show_collection_image":true,"show_banner_title":true,"color_scheme":"background-2"}},"image_banner_RfqfhE":{"type":"image-banner","blocks":{"heading_QzAQRR":{"type":"heading","settings":{"heading":"Baseball and Softball Decals","heading_size":"h1"}}},"block_order":["heading_QzAQRR"],"disabled":true,"settings":{"image":"shopify:\/\/shop_images\/baseballPlayer-header_0b4b6eb1-b51d-41c9-98a3-3575ea22980a.jpg","image_overlay_opacity":0,"image_height":"small","adapt_height_first_image":false,"desktop_content_position":"middle-right","show_text_box":true,"desktop_content_alignment":"center","color_scheme":"inverse","mobile_content_alignment":"center","stack_images_on_mobile":true,"show_text_below":true}},"product-grid":{"type":"main-collection-product-grid","custom_css":["h3.card__heading {font-size: calc(var(--font-heading-scale) * 1.8rem);}",".card--card {border-radius: 10px; padding: 10px;}"],"settings":{"products_per_page":16,"columns_desktop":4,"image_ratio":"adapt","show_secondary_image":true,"show_vendor":false,"show_rating":false,"enable_quick_add":false,"enable_filtering":true,"filter_type":"horizontal","enable_sorting":true,"columns_mobile":"1","padding_top":0,"padding_bottom":0}}},"order":["banner","image_banner_RfqfhE","product-grid"]}