{"sections":{"main":{"type":"main-page","disabled":true,"settings":{"padding_top":16,"padding_bottom":16}},"collapsible_content_RYyGYR":{"type":"collapsible-content","blocks":{"collapsible_row_fDhhAq":{"type":"collapsible_row","settings":{"heading":"How long does it take to get my order? ","icon":"check_mark","row_content":"<p><em>Most Decal orders take 5 to 8 business days once design is approved.<\/em><\/p><p><em>All other projects which include, flags, banners, signs, car wraps, and trophies; 10-14 business days upon receiving final payment. <\/em><\/p>","page":""}},"collapsible_row_A98YLz":{"type":"collapsible_row","settings":{"heading":"Can I order just one custom decal set?","icon":"check_mark","row_content":"<p><em>No, but we do offer a collectors set that will include custom art, and 2 full sets.<\/em><a href=\"https:\/\/sportslivedecals.com\/products\/collector-small-run-custom-set-full-size-only\"><em>Click here to purchase<\/em><\/a><\/p>","page":""}},"collapsible_row_fPYAVq":{"type":"collapsible_row","settings":{"heading":"What is the minimum order for custom  decals? ","icon":"check_mark","row_content":"<p><em>The minimum order is 15 sets for team orders. The minimum order is 18 sets for mini helmet decals. $200<\/em>minimum<em>for custom acrylic trophies.<\/em><\/p>","page":""}},"collapsible_row_PECjym":{"type":"collapsible_row","settings":{"heading":"Do we charge for designing?","icon":"check_mark","row_content":"<p><em>Your design work is part of your project, there is no <\/em>separate <em>charge for design.<\/em><\/p>","page":""}}},"block_order":["collapsible_row_fDhhAq","collapsible_row_A98YLz","collapsible_row_fPYAVq","collapsible_row_PECjym"],"settings":{"caption":"","heading":"F.A.Q.'s","heading_size":"h1","heading_alignment":"center","layout":"none","color_scheme":"background-1","container_color_scheme":"background-2","open_first_collapsible_row":false,"image_ratio":"adapt","desktop_layout":"image_second","padding_top":36,"padding_bottom":36}},"contact_form_3ENTJw":{"type":"contact-form","settings":{"heading":"Contact form","heading_size":"h1","color_scheme":"accent-2","padding_top":36,"padding_bottom":36}}},"order":["main","collapsible_content_RYyGYR","contact_form_3ENTJw"]}