{"sections":{"three_panel_hero_p8MwEr":{"type":"three-panel-hero","blocks":{"panel_w9p9GR":{"type":"panel","settings":{"image":"shopify:\/\/shop_images\/a-helmet-decals-hero.png","title":"Helmet Decals","heading_size":"h1","description":"Get your team ready with the world's highest quality helmet decals.","button_label":"SHOP DECALS →","button_link":"shopify:\/\/collections\/helmet-decals"}},"panel_JnYnGL":{"type":"panel","settings":{"image":"shopify:\/\/shop_images\/a-flag-football-hero.png","title":"Flag Football","heading_size":"h1","description":"Customized solutions for your team needs and game-day essentials.","button_label":"BROWSE GEAR →","button_link":"shopify:\/\/collections\/flag-football"}},"panel_RGzNEN":{"type":"panel","settings":{"image":"shopify:\/\/shop_images\/a-trophies-hero.png","title":"Trophies","heading_size":"h1","description":"Championship-grade awards and trophies for winners.","button_label":"SHOP TROPHIES →","button_link":"shopify:\/\/products\/customized-trophies"}}},"block_order":["panel_w9p9GR","panel_JnYnGL","panel_RGzNEN"],"name":"Three Panel Hero","settings":{"overlay_opacity":40,"color_scheme":"background-1","padding_top":0,"padding_bottom":0}},"shop_by_sport_D7kG89":{"type":"shop-by-sport","blocks":{"sport_rbDyU6":{"type":"sport","settings":{"sport_name":"Football","collection_url":"shopify:\/\/collections\/helmet-decals","highlight":false,"icon_type":"football"}},"sport_6x9WqN":{"type":"sport","settings":{"sport_name":"Baseball","collection_url":"shopify:\/\/collections\/baseball-softball-decals","highlight":false,"icon_type":"baseball"}},"sport_ePVyti":{"type":"sport","settings":{"sport_name":"Lacrosse","collection_url":"shopify:\/\/collections\/lacrosse-decal-wraps","highlight":false,"icon_type":"lacrosse"}},"sport_Fq4kFf":{"type":"sport","settings":{"sport_name":"Hockey","collection_url":"shopify:\/\/collections\/hockey","highlight":false,"icon_type":"hockey"}},"sport_RmwLPJ":{"type":"sport","settings":{"sport_name":"Flag Football","collection_url":"shopify:\/\/collections\/flag-football","highlight":false,"icon_type":"flag-football"}}},"block_order":["sport_rbDyU6","sport_6x9WqN","sport_ePVyti","sport_Fq4kFf","sport_RmwLPJ"],"name":"Shop by Sport","settings":{"show_title":true,"color_scheme":"background-1","padding_top":48,"padding_bottom":48}},"multicolumn":{"type":"multicolumn","blocks":{"column1":{"type":"column","settings":{"image":"shopify:\/\/shop_images\/0365E8CB-627E-4D47-973A-BBCFA3B13069.jpg","title":"Helmet Decals","text":"<p>We provide helmet decals for football, baseball, fast pitch, hockey, lacrosse, hard hats, motorcross & more.<\/p>","link_label":"Order Now","link":"shopify:\/\/collections\/helmet-decals"}},"column2":{"type":"column","settings":{"image":"shopify:\/\/shop_images\/DF5255EC-A49C-4DE6-9231-FFE1AD87217D.jpg","title":"Custom Flags for Flag Football","text":"<p>Customized flags with your team colors & logo. Design, manufactured and shipped in just a few days. <\/p>","link_label":"Order Now","link":"shopify:\/\/collections\/flag-football"}},"cff59963-5436-42a6-99e6-3b6c662f6513":{"type":"column","settings":{"image":"shopify:\/\/shop_images\/90A9A9DC-933C-4F4A-AD0C-8E1EDE001F00.jpg","title":"Custom Trophies and Medals","text":"<p>Custom Sports Awards to Celebrate Your Team's Wins. Shoot us a message for a price!<\/p>","link_label":"Order Now","link":"shopify:\/\/products\/customized-trophies"}},"b4acb3a7-9b37-405d-94c0-b237084862c4":{"type":"column","disabled":true,"settings":{"image":"shopify:\/\/shop_images\/image_42c8b9ee-a26c-4d36-b9b2-98922c949867.jpg","title":"Car Wraps","text":"<p>Custom vehicle designs for business or pleasure allow you to drive your vehicle while promoting your team, company, to give it a unique custom look.<\/p>","link_label":"Order Now","link":"shopify:\/\/pages\/car-wraps"}},"column_LMLGbb":{"type":"column","settings":{"image":"shopify:\/\/shop_images\/242475769_4398462490237278_9084184437105618126_n.jpg","title":"Baseball and Softball Decals","text":"<p>We offer stylish and durable baseball and softball decals to enhance your gear.<\/p>","link_label":"Order Now","link":"shopify:\/\/collections\/baseball-softball-decals"}},"01c1f10b-7ca3-406d-b51d-68a1ea29acc3":{"type":"column","settings":{"image":"shopify:\/\/shop_images\/image_49ef2684-94c3-4046-9e2b-dccc0bec1b50.heic","title":"Stickers","text":"<p>Stickers are the fastest & most straight forward way to promote your business, product, or event. Click to buy custom stickers.<\/p>","link_label":"Order Now","link":"https:\/\/sportslivedecals.com\/collections\/industrial\/industrial"}},"column3":{"type":"column","settings":{"image":"shopify:\/\/shop_images\/115822857_3149514508465422_4774239403908492208_n.jpg","title":"Signs, Banners & Wall Wraps","text":"<p>High-quality prints for business & sports. Design and print to fit your events or business ventures.<\/p>","link_label":"Order Now","link":"shopify:\/\/collections\/signs-and-banners"}}},"block_order":["column1","column2","cff59963-5436-42a6-99e6-3b6c662f6513","b4acb3a7-9b37-405d-94c0-b237084862c4","column_LMLGbb","01c1f10b-7ca3-406d-b51d-68a1ea29acc3","column3"],"disabled":true,"custom_css":[".media--transparent media--square {border-radius: 25px;}",".multicolumn-card__image-wrapper {border-radius: 10px;}"],"settings":{"title":"","heading_size":"h0","image_width":"full","image_ratio":"square","columns_desktop":3,"column_alignment":"center","background_style":"primary","button_label":"","button_link":"","color_scheme":"background-1","columns_mobile":"2","swipe_on_mobile":false,"padding_top":36,"padding_bottom":36}},"image_banner":{"type":"image-banner","blocks":{"heading":{"type":"heading","settings":{"heading":"Image banner","heading_size":"h0"}},"text":{"type":"text","settings":{"text":"Give customers details about the banner image(s) or content on the template.","text_style":"body"}},"button":{"type":"buttons","settings":{"button_label_1":"Shop all","anchor":false,"anchor_link":"","button_link_1":"shopify:\/\/collections\/all","button_style_secondary_1":true,"button_label_2":"","button_link_2":"","button_style_secondary_2":false}}},"block_order":["heading","text","button"],"disabled":true,"settings":{"image_overlay_opacity":40,"image_height":"small","adapt_height_first_image":false,"desktop_content_position":"bottom-center","show_text_box":false,"desktop_content_alignment":"center","color_scheme":"accent-1","mobile_content_alignment":"center","stack_images_on_mobile":false,"show_text_below":false}},"featured_collection":{"type":"featured-collection","settings":{"title":"Featured products","heading_size":"h2","description":"","show_description":false,"description_style":"subtitle","collection":"featured","products_to_show":5,"columns_desktop":5,"full_width":false,"show_view_all":true,"view_all_style":"link","enable_desktop_slider":false,"color_scheme":"background-2","image_ratio":"square","show_secondary_image":true,"show_vendor":false,"show_rating":false,"enable_quick_add":true,"columns_mobile":"1","swipe_on_mobile":true,"padding_top":8,"padding_bottom":8}},"video":{"type":"video","settings":{"heading":"","heading_size":"h2","cover_image":"shopify:\/\/shop_images\/background-undefeated.jpg","video_url":"https:\/\/www.youtube.com\/watch?v=Q_MAAm8YyY0&t=250s","description":"","full_width":false,"color_scheme":"background-1","padding_top":36,"padding_bottom":36}}},"order":["three_panel_hero_p8MwEr","shop_by_sport_D7kG89","multicolumn","image_banner","featured_collection","video"]}