{"sections":{"main":{"type":"main-page","disabled":true,"settings":{"padding_top":28,"padding_bottom":28}},"1708675492c1085363":{"type":"apps","settings":{"include_margins":true}},"image_banner_da9cBC":{"type":"image-banner","blocks":{"heading_QHDTz8":{"type":"heading","settings":{"heading":"Car Wraps Design & Printing","heading_size":"h1"}},"text_MGPz6Q":{"type":"text","settings":{"text":"Maximize Your Brand's Impact: Harness the Potential of Custom Car Wrap Design and Printing for Your Commercial Fleet!","text_style":"body"}},"buttons_mNTkP9":{"type":"buttons","settings":{"button_label_1":"Request Quote","anchor":true,"anchor_link":"shopify-section-template--16606950752416__contact_form_dgQwE6","button_link_1":"","button_style_secondary_1":false,"button_label_2":"","button_link_2":"","button_style_secondary_2":false}}},"block_order":["heading_QHDTz8","text_MGPz6Q","buttons_mNTkP9"],"custom_css":[".banner__box.content-container.content-container--full-width-mobile.color-inverse.gradient {background-color: rgba(0, 0, 0, 0.8);}"],"settings":{"image":"shopify:\/\/shop_images\/customCarWrapBanner.jpg","image_overlay_opacity":0,"image_height":"small","adapt_height_first_image":false,"desktop_content_position":"middle-center","show_text_box":true,"desktop_content_alignment":"center","color_scheme":"inverse","mobile_content_alignment":"center","stack_images_on_mobile":true,"show_text_below":true}},"multicolumn_LqrCb3":{"type":"multicolumn","blocks":{"column_YYUwjJ":{"type":"column","settings":{"image":"shopify:\/\/shop_images\/1470-2006-Chevy-Colorado-Truck-Wrap---Bull-Hauler_2dbfe678-8598-4e94-81f0-9136ab7375ce.jpg","title":"","text":"","link_label":"","link":""}},"column_qKWpTT":{"type":"column","settings":{"image":"shopify:\/\/shop_images\/Prince-Bolt-Pro-Plumbing-Sprinter-Van.jpg","title":"","text":"","link_label":"","link":""}},"column_yw9cxt":{"type":"column","settings":{"image":"shopify:\/\/shop_images\/Sushi-Fiesta-Sprinter-Van.jpg","title":"","text":"","link_label":"","link":""}}},"block_order":["column_YYUwjJ","column_qKWpTT","column_yw9cxt"],"settings":{"title":"","heading_size":"h1","image_width":"full","image_ratio":"adapt","columns_desktop":3,"column_alignment":"left","background_style":"none","button_label":"","button_link":"","color_scheme":"background-1","columns_mobile":"1","swipe_on_mobile":false,"padding_top":36,"padding_bottom":36}},"featured_product_XPKwbg":{"type":"featured-product","blocks":{"text_y6tcfk":{"type":"text","settings":{"text":"{{ section.settings.product.vendor }}","text_style":"uppercase"}},"title_atc6Cd":{"type":"title","settings":{"heading_size":"h1"}},"text_XFPYhD":{"type":"text","settings":{"text":"{{ section.settings.product.metafields.descriptors.subtitle.value }}","text_style":"subtitle"}},"price_VrATAX":{"type":"price","settings":{}},"variant_picker_46Xdfg":{"type":"variant_picker","settings":{"picker_type":"button"}},"quantity_selector_YzjXbH":{"type":"quantity_selector","settings":{}},"buy_buttons_66DAgD":{"type":"buy_buttons","settings":{"show_dynamic_checkout":true}},"share_8qxpYY":{"type":"share","settings":{"share_label":"Share"}}},"block_order":["text_y6tcfk","title_atc6Cd","text_XFPYhD","price_VrATAX","variant_picker_46Xdfg","quantity_selector_YzjXbH","buy_buttons_66DAgD","share_8qxpYY"],"settings":{"product":"custom-car-wrap-design","color_scheme":"background-2","secondary_background":true,"hide_variants":true,"enable_video_looping":false,"padding_top":0,"padding_bottom":0}},"featured_product_qFmWyT":{"type":"featured-product","blocks":{"text_tnA9Rx":{"type":"text","settings":{"text":"{{ section.settings.product.vendor }}","text_style":"uppercase"}},"title_GDF6Tw":{"type":"title","settings":{"heading_size":"h1"}},"text_tTpTma":{"type":"text","settings":{"text":"{{ section.settings.product.metafields.descriptors.subtitle.value }}","text_style":"subtitle"}},"price_4NdwLd":{"type":"price","settings":{}},"variant_picker_qTUVqW":{"type":"variant_picker","settings":{"picker_type":"button"}},"quantity_selector_R8ChQY":{"type":"quantity_selector","settings":{}},"buy_buttons_GA6bMf":{"type":"buy_buttons","settings":{"show_dynamic_checkout":true}},"share_z8EQP3":{"type":"share","settings":{"share_label":"Share"}}},"block_order":["text_tnA9Rx","title_GDF6Tw","text_tTpTma","price_4NdwLd","variant_picker_qTUVqW","quantity_selector_R8ChQY","buy_buttons_GA6bMf","share_z8EQP3"],"settings":{"product":"calc-of-custom-car-wrap-print","color_scheme":"background-1","secondary_background":false,"hide_variants":false,"enable_video_looping":false,"padding_top":36,"padding_bottom":36}},"image_with_text_mUUG6g":{"type":"image-with-text","blocks":{"heading_e6UtzF":{"type":"heading","settings":{"heading":"Need Print and Installation as well?","heading_size":"h2"}},"text_wQbYEn":{"type":"text","settings":{"text":"<p>Feel free to reach out to us through the chat feature located in the bottom right corner, or simply drop us an email using the contact form provided below. We're here to assist you.<\/p>","text_style":"subtitle"}}},"block_order":["heading_e6UtzF","text_wQbYEn"],"disabled":true,"settings":{"image":"shopify:\/\/shop_images\/order-process.png","height":"adapt","desktop_image_width":"small","layout":"image_first","desktop_content_position":"top","desktop_content_alignment":"left","content_layout":"no-overlap","color_scheme":"background-2","mobile_content_alignment":"center","padding_top":36,"padding_bottom":36}},"rich_text_gEpUtg":{"type":"rich-text","blocks":{"heading_QkcBYp":{"type":"heading","settings":{"heading":"Need Print and Installation as well?","heading_size":"h2"}},"text_PFerca":{"type":"text","settings":{"text":"<p>Feel free to reach out to us through the chat feature located in the bottom right corner, or simply drop us an email using the contact form provided below. We're here to assist you<\/p>"}}},"block_order":["heading_QkcBYp","text_PFerca"],"disabled":true,"settings":{"color_scheme":"background-1","full_width":true,"padding_top":12,"padding_bottom":12}},"contact_form_dgQwE6":{"type":"contact-form","settings":{"heading":"Contact form","heading_size":"h2","color_scheme":"accent-2","padding_top":20,"padding_bottom":20}}},"order":["main","1708675492c1085363","image_banner_da9cBC","multicolumn_LqrCb3","featured_product_XPKwbg","featured_product_qFmWyT","image_with_text_mUUG6g","rich_text_gEpUtg","contact_form_dgQwE6"]}