[{"name":"theme_info","theme_name":"Dawn","theme_version":"5.0.0","theme_author":"Shopify","theme_documentation_url":"https:\/\/help.shopify.com\/manual\/online-store\/themes","theme_support_url":"https:\/\/support.shopify.com\/"},{"name":"t:settings_schema.colors.name","settings":[{"type":"header","content":"t:settings_schema.colors.settings.header__1.content"},{"type":"color","id":"colors_solid_button_labels","default":"#FFFFFF","label":"t:settings_schema.colors.settings.colors_solid_button_labels.label","info":"t:settings_schema.colors.settings.colors_solid_button_labels.info"},{"type":"color","id":"colors_accent_1","default":"#121212","label":"t:settings_schema.colors.settings.colors_accent_1.label","info":"t:settings_schema.colors.settings.colors_accent_1.info"},{"id":"gradient_accent_1","type":"color_background","label":"t:settings_schema.colors.settings.gradient_accent_1.label"},{"type":"color","id":"colors_accent_2","default":"#334FB4","label":"t:settings_schema.colors.settings.colors_accent_2.label"},{"id":"gradient_accent_2","type":"color_background","label":"t:settings_schema.colors.settings.gradient_accent_2.label"},{"type":"header","content":"t:settings_schema.colors.settings.header__2.content"},{"type":"color","id":"colors_text","default":"#121212","label":"t:settings_schema.colors.settings.colors_text.label","info":"t:settings_schema.colors.settings.colors_text.info"},{"type":"color","id":"colors_outline_button_labels","default":"#121212","label":"t:settings_schema.colors.settings.colors_outline_button_labels.label","info":"t:settings_schema.colors.settings.colors_outline_button_labels.info"},{"type":"color","id":"colors_background_1","default":"#FFFFFF","label":"t:settings_schema.colors.settings.colors_background_1.label"},{"id":"gradient_background_1","type":"color_background","label":"t:settings_schema.colors.settings.gradient_background_1.label"},{"type":"color","id":"colors_background_2","default":"#F3F3F3","label":"t:settings_schema.colors.settings.colors_background_2.label"},{"id":"gradient_background_2","type":"color_background","label":"t:settings_schema.colors.settings.gradient_background_2.label"}]},{"name":"t:settings_schema.typography.name","settings":[{"type":"header","content":"t:settings_schema.typography.settings.header__1.content"},{"type":"font_picker","id":"type_header_font","default":"assistant_n4","label":"t:settings_schema.typography.settings.type_header_font.label","info":"t:settings_schema.typography.settings.type_header_font.info"},{"type":"range","id":"heading_scale","min":100,"max":150,"step":5,"unit":"%","label":"t:settings_schema.typography.settings.heading_scale.label","default":100},{"type":"header","content":"t:settings_schema.typography.settings.header__2.content"},{"type":"font_picker","id":"type_body_font","default":"assistant_n4","label":"t:settings_schema.typography.settings.type_body_font.label","info":"t:settings_schema.typography.settings.type_body_font.info"},{"type":"range","id":"body_scale","min":100,"max":130,"step":5,"unit":"%","label":"t:settings_schema.typography.settings.body_scale.label","default":100}]},{"name":"t:settings_schema.layout.name","settings":[{"type":"range","id":"page_width","min":1000,"max":1600,"step":100,"default":1200,"unit":"px","label":"t:settings_schema.layout.settings.page_width.label"},{"type":"range","id":"spacing_sections","min":0,"max":100,"step":4,"unit":"px","label":"t:settings_schema.layout.settings.spacing_sections.label","default":0},{"type":"header","content":"t:settings_schema.layout.settings.header__grid.content"},{"type":"paragraph","content":"t:settings_schema.layout.settings.paragraph__grid.content"},{"type":"range","id":"spacing_grid_horizontal","min":4,"max":40,"step":4,"default":8,"unit":"px","label":"t:settings_schema.layout.settings.spacing_grid_horizontal.label"},{"type":"range","id":"spacing_grid_vertical","min":4,"max":40,"step":4,"default":8,"unit":"px","label":"t:settings_schema.layout.settings.spacing_grid_vertical.label"}]},{"name":"t:settings_schema.buttons.name","settings":[{"type":"header","content":"t:settings_schema.global.settings.header__border.content"},{"type":"range","id":"buttons_border_thickness","min":0,"max":12,"step":1,"unit":"px","label":"t:settings_schema.global.settings.thickness.label","default":1},{"type":"range","id":"buttons_border_opacity","min":0,"max":100,"step":5,"unit":"%","label":"t:settings_schema.global.settings.opacity.label","default":100},{"type":"range","id":"buttons_radius","min":0,"max":40,"step":2,"unit":"px","label":"t:settings_schema.global.settings.corner_radius.label","default":0},{"type":"header","content":"t:settings_schema.global.settings.header__shadow.content"},{"type":"range","id":"buttons_shadow_opacity","min":0,"max":100,"step":5,"unit":"%","label":"t:settings_schema.global.settings.opacity.label","default":0},{"type":"range","id":"buttons_shadow_horizontal_offset","min":-12,"max":12,"step":2,"unit":"px","label":"t:settings_schema.global.settings.horizontal_offset.label","default":0},{"type":"range","id":"buttons_shadow_vertical_offset","min":-12,"max":12,"step":2,"unit":"px","label":"t:settings_schema.global.settings.vertical_offset.label","default":0},{"type":"range","id":"buttons_shadow_blur","min":0,"max":20,"step":5,"unit":"px","label":"t:settings_schema.global.settings.blur.label","default":0}]},{"name":"t:settings_schema.variant_pills.name","settings":[{"type":"header","content":"t:settings_schema.global.settings.header__border.content"},{"type":"range","id":"variant_pills_border_thickness","min":0,"max":12,"step":1,"unit":"px","label":"t:settings_schema.global.settings.thickness.label","default":1},{"type":"range","id":"variant_pills_border_opacity","min":0,"max":100,"step":5,"unit":"%","label":"t:settings_schema.global.settings.opacity.label","default":55},{"type":"range","id":"variant_pills_radius","min":0,"max":40,"step":2,"unit":"px","label":"t:settings_schema.global.settings.corner_radius.label","default":40},{"type":"header","content":"t:settings_schema.global.settings.header__shadow.content"},{"type":"range","id":"variant_pills_shadow_opacity","min":0,"max":100,"step":5,"unit":"%","label":"t:settings_schema.global.settings.opacity.label","default":0},{"type":"range","id":"variant_pills_shadow_horizontal_offset","min":-12,"max":12,"step":2,"unit":"px","label":"t:settings_schema.global.settings.horizontal_offset.label","default":0},{"type":"range","id":"variant_pills_shadow_vertical_offset","min":-12,"max":12,"step":2,"unit":"px","label":"t:settings_schema.global.settings.vertical_offset.label","default":0},{"type":"range","id":"variant_pills_shadow_blur","min":0,"max":20,"step":5,"unit":"px","label":"t:settings_schema.global.settings.blur.label","default":0}]},{"name":"t:settings_schema.inputs.name","settings":[{"type":"header","content":"t:settings_schema.global.settings.header__border.content"},{"type":"range","id":"inputs_border_thickness","min":0,"max":12,"step":1,"unit":"px","label":"t:settings_schema.global.settings.thickness.label","default":1},{"type":"range","id":"inputs_border_opacity","min":0,"max":100,"step":5,"unit":"%","label":"t:settings_schema.global.settings.opacity.label","default":55},{"type":"range","id":"inputs_radius","min":0,"max":40,"step":2,"unit":"px","label":"t:settings_schema.global.settings.corner_radius.label","default":0},{"type":"header","content":"t:settings_schema.global.settings.header__shadow.content"},{"type":"range","id":"inputs_shadow_opacity","min":0,"max":100,"step":5,"unit":"%","label":"t:settings_schema.global.settings.opacity.label","default":0},{"type":"range","id":"inputs_shadow_horizontal_offset","min":-12,"max":12,"step":2,"unit":"px","label":"t:settings_schema.global.settings.horizontal_offset.label","default":0},{"type":"range","id":"inputs_shadow_vertical_offset","min":-12,"max":12,"step":2,"unit":"px","label":"t:settings_schema.global.settings.vertical_offset.label","default":0},{"type":"range","id":"inputs_shadow_blur","min":0,"max":20,"step":5,"unit":"px","label":"t:settings_schema.global.settings.blur.label","default":0}]},{"name":"t:settings_schema.cards.name","settings":[{"type":"select","id":"card_style","options":[{"value":"standard","label":"t:settings_schema.cards.settings.style.options__1.label"},{"value":"card","label":"t:settings_schema.cards.settings.style.options__2.label"}],"default":"standard","label":"t:settings_schema.cards.settings.style.label"},{"type":"range","id":"card_image_padding","min":0,"max":20,"step":2,"unit":"px","label":"t:settings_schema.global.settings.image_padding.label","default":0},{"type":"select","id":"card_text_alignment","options":[{"value":"left","label":"t:settings_schema.global.settings.text_alignment.options__1.label"},{"value":"center","label":"t:settings_schema.global.settings.text_alignment.options__2.label"},{"value":"right","label":"t:settings_schema.global.settings.text_alignment.options__3.label"}],"default":"left","label":"t:settings_schema.global.settings.text_alignment.label"},{"type":"select","id":"card_color_scheme","options":[{"value":"accent-1","label":"t:sections.all.colors.accent_1.label"},{"value":"accent-2","label":"t:sections.all.colors.accent_2.label"},{"value":"background-1","label":"t:sections.all.colors.background_1.label"},{"value":"background-2","label":"t:sections.all.colors.background_2.label"},{"value":"inverse","label":"t:sections.all.colors.inverse.label"}],"default":"background-2","label":"t:sections.all.colors.label"},{"type":"header","content":"t:settings_schema.global.settings.header__border.content"},{"type":"range","id":"card_border_thickness","min":0,"max":24,"step":1,"unit":"px","label":"t:settings_schema.global.settings.thickness.label","default":0},{"type":"range","id":"card_border_opacity","min":0,"max":100,"step":5,"unit":"%","label":"t:settings_schema.global.settings.opacity.label","default":0},{"type":"range","id":"card_corner_radius","min":0,"max":40,"step":2,"unit":"px","label":"t:settings_schema.global.settings.corner_radius.label","default":0},{"type":"header","content":"t:settings_schema.global.settings.header__shadow.content"},{"type":"range","id":"card_shadow_opacity","min":0,"max":100,"step":5,"unit":"%","label":"t:settings_schema.global.settings.opacity.label","default":10},{"type":"range","id":"card_shadow_horizontal_offset","min":-40,"max":40,"step":2,"unit":"px","label":"t:settings_schema.global.settings.horizontal_offset.label","default":0},{"type":"range","id":"card_shadow_vertical_offset","min":-40,"max":40,"step":2,"unit":"px","label":"t:settings_schema.global.settings.vertical_offset.label","default":0},{"type":"range","id":"card_shadow_blur","min":0,"max":40,"step":5,"unit":"px","label":"t:settings_schema.global.settings.blur.label","default":0}]},{"name":"t:settings_schema.content_containers.name","settings":[{"type":"header","content":"t:settings_schema.global.settings.header__border.content"},{"type":"range","id":"text_boxes_border_thickness","min":0,"max":24,"step":1,"unit":"px","label":"t:settings_schema.global.settings.thickness.label","default":0},{"type":"range","id":"text_boxes_border_opacity","min":0,"max":100,"step":5,"unit":"%","label":"t:settings_schema.global.settings.opacity.label","default":0},{"type":"range","id":"text_boxes_radius","min":0,"max":40,"step":2,"unit":"px","label":"t:settings_schema.global.settings.corner_radius.label","default":0},{"type":"header","content":"t:settings_schema.global.settings.header__shadow.content"},{"type":"range","id":"text_boxes_shadow_opacity","min":0,"max":100,"step":5,"unit":"%","label":"t:settings_schema.global.settings.opacity.label","default":0},{"type":"range","id":"text_boxes_shadow_horizontal_offset","min":-40,"max":40,"step":2,"unit":"px","label":"t:settings_schema.global.settings.horizontal_offset.label","default":0},{"type":"range","id":"text_boxes_shadow_vertical_offset","min":-40,"max":40,"step":2,"unit":"px","label":"t:settings_schema.global.settings.vertical_offset.label","default":0},{"type":"range","id":"text_boxes_shadow_blur","min":0,"max":40,"step":5,"unit":"px","label":"t:settings_schema.global.settings.blur.label","default":0}]},{"name":"t:settings_schema.media.name","settings":[{"type":"header","content":"t:settings_schema.global.settings.header__border.content"},{"type":"range","id":"media_border_thickness","min":0,"max":24,"step":1,"unit":"px","label":"t:settings_schema.global.settings.thickness.label","default":1},{"type":"range","id":"media_border_opacity","min":0,"max":100,"step":5,"unit":"%","label":"t:settings_schema.global.settings.opacity.label","default":5},{"type":"range","id":"media_radius","min":0,"max":40,"step":2,"unit":"px","label":"t:settings_schema.global.settings.corner_radius.label","default":0},{"type":"header","content":"t:settings_schema.global.settings.header__shadow.content"},{"type":"range","id":"media_shadow_opacity","min":0,"max":100,"step":5,"unit":"%","label":"t:settings_schema.global.settings.opacity.label","default":0},{"type":"range","id":"media_shadow_horizontal_offset","min":-40,"max":40,"step":2,"unit":"px","label":"t:settings_schema.global.settings.horizontal_offset.label","default":0},{"type":"range","id":"media_shadow_vertical_offset","min":-40,"max":40,"step":2,"unit":"px","label":"t:settings_schema.global.settings.vertical_offset.label","default":0},{"type":"range","id":"media_shadow_blur","min":0,"max":40,"step":5,"unit":"px","label":"t:settings_schema.global.settings.blur.label","default":0}]},{"name":"t:settings_schema.popups.name","settings":[{"type":"paragraph","content":"t:settings_schema.popups.paragraph"},{"type":"header","content":"t:settings_schema.global.settings.header__border.content"},{"type":"range","id":"popup_border_thickness","min":0,"max":24,"step":1,"unit":"px","label":"t:settings_schema.global.settings.thickness.label","default":1},{"type":"range","id":"popup_border_opacity","min":0,"max":100,"step":5,"unit":"%","label":"t:settings_schema.global.settings.opacity.label","default":10},{"type":"range","id":"popup_corner_radius","min":0,"max":40,"step":2,"unit":"px","label":"t:settings_schema.global.settings.corner_radius.label","default":0},{"type":"header","content":"t:settings_schema.global.settings.header__shadow.content"},{"type":"range","id":"popup_shadow_opacity","min":0,"max":100,"step":5,"unit":"%","label":"t:settings_schema.global.settings.opacity.label","default":0},{"type":"range","id":"popup_shadow_horizontal_offset","min":-40,"max":40,"step":2,"unit":"px","label":"t:settings_schema.global.settings.horizontal_offset.label","default":0},{"type":"range","id":"popup_shadow_vertical_offset","min":-40,"max":40,"step":2,"unit":"px","label":"t:settings_schema.global.settings.vertical_offset.label","default":0},{"type":"range","id":"popup_shadow_blur","min":0,"max":40,"step":5,"unit":"px","label":"t:settings_schema.global.settings.blur.label","default":0}]},{"name":"t:settings_schema.drawers.name","settings":[{"type":"header","content":"t:settings_schema.global.settings.header__border.content"},{"type":"range","id":"drawer_border_thickness","min":0,"max":24,"step":1,"unit":"px","label":"t:settings_schema.global.settings.thickness.label","default":1},{"type":"range","id":"drawer_border_opacity","min":0,"max":100,"step":5,"unit":"%","label":"t:settings_schema.global.settings.opacity.label","default":10},{"type":"header","content":"t:settings_schema.global.settings.header__shadow.content"},{"type":"range","id":"drawer_shadow_opacity","min":0,"max":100,"step":5,"unit":"%","label":"t:settings_schema.global.settings.opacity.label","default":0},{"type":"range","id":"drawer_shadow_horizontal_offset","min":-40,"max":40,"step":2,"unit":"px","label":"t:settings_schema.global.settings.horizontal_offset.label","default":0},{"type":"range","id":"drawer_shadow_vertical_offset","min":-40,"max":40,"step":2,"unit":"px","label":"t:settings_schema.global.settings.vertical_offset.label","default":0},{"type":"range","id":"drawer_shadow_blur","min":0,"max":40,"step":5,"unit":"px","label":"t:settings_schema.global.settings.blur.label","default":0}]},{"name":"t:settings_schema.badges.name","settings":[{"type":"select","id":"badge_position","options":[{"value":"bottom left","label":"t:settings_schema.badges.settings.position.options__1.label"},{"value":"bottom right","label":"t:settings_schema.badges.settings.position.options__2.label"},{"value":"top left","label":"t:settings_schema.badges.settings.position.options__3.label"},{"value":"top right","label":"t:settings_schema.badges.settings.position.options__4.label"}],"default":"bottom left","label":"t:settings_schema.badges.settings.position.label"},{"type":"range","id":"badge_corner_radius","min":0,"max":40,"step":2,"unit":"px","label":"t:settings_schema.global.settings.corner_radius.label","default":40},{"type":"select","id":"sale_badge_color_scheme","options":[{"value":"accent-1","label":"t:sections.all.colors.accent_1.label"},{"value":"accent-2","label":"t:sections.all.colors.accent_2.label"},{"value":"background-2","label":"t:sections.all.colors.background_2.label"}],"default":"accent-2","label":"t:settings_schema.badges.settings.sale_badge_color_scheme.label"},{"type":"select","id":"sold_out_badge_color_scheme","options":[{"value":"background-1","label":"t:sections.all.colors.background_1.label"},{"value":"inverse","label":"t:sections.all.colors.inverse.label"}],"default":"inverse","label":"t:settings_schema.badges.settings.sold_out_badge_color_scheme.label"}]},{"name":"t:settings_schema.styles.name","settings":[{"type":"select","id":"accent_icons","options":[{"value":"accent-1","label":"t:sections.all.colors.accent_1.label"},{"value":"accent-2","label":"t:sections.all.colors.accent_2.label"},{"value":"outline-button","label":"t:settings_schema.styles.settings.accent_icons.options__3.label"},{"value":"text","label":"t:settings_schema.styles.settings.accent_icons.options__4.label"}],"default":"text","label":"t:settings_schema.styles.settings.accent_icons.label"}]},{"name":"t:settings_schema.social-media.name","settings":[{"type":"header","content":"t:settings_schema.social-media.settings.header.content"},{"type":"text","id":"social_twitter_link","label":"t:settings_schema.social-media.settings.social_twitter_link.label","info":"t:settings_schema.social-media.settings.social_twitter_link.info"},{"type":"text","id":"social_facebook_link","label":"t:settings_schema.social-media.settings.social_facebook_link.label","info":"t:settings_schema.social-media.settings.social_facebook_link.info"},{"type":"text","id":"social_pinterest_link","label":"t:settings_schema.social-media.settings.social_pinterest_link.label","info":"t:settings_schema.social-media.settings.social_pinterest_link.info"},{"type":"text","id":"social_instagram_link","label":"t:settings_schema.social-media.settings.social_instagram_link.label","info":"t:settings_schema.social-media.settings.social_instagram_link.info"},{"type":"text","id":"social_tiktok_link","label":"t:settings_schema.social-media.settings.social_tiktok_link.label","info":"t:settings_schema.social-media.settings.social_tiktok_link.info"},{"type":"text","id":"social_tumblr_link","label":"t:settings_schema.social-media.settings.social_tumblr_link.label","info":"t:settings_schema.social-media.settings.social_tumblr_link.info"},{"type":"text","id":"social_snapchat_link","label":"t:settings_schema.social-media.settings.social_snapchat_link.label","info":"t:settings_schema.social-media.settings.social_snapchat_link.info"},{"type":"text","id":"social_youtube_link","label":"t:settings_schema.social-media.settings.social_youtube_link.label","info":"t:settings_schema.social-media.settings.social_youtube_link.info"},{"type":"text","id":"social_vimeo_link","label":"t:settings_schema.social-media.settings.social_vimeo_link.label","info":"t:settings_schema.social-media.settings.social_vimeo_link.info"}]},{"name":"t:settings_schema.search_input.name","settings":[{"type":"header","content":"t:settings_schema.search_input.settings.header.content"},{"type":"checkbox","id":"predictive_search_enabled","default":true,"label":"t:settings_schema.search_input.settings.predictive_search_enabled.label"},{"type":"checkbox","id":"predictive_search_show_vendor","default":false,"label":"t:settings_schema.search_input.settings.predictive_search_show_vendor.label","info":"t:settings_schema.search_input.settings.predictive_search_show_vendor.info"},{"type":"checkbox","id":"predictive_search_show_price","default":false,"label":"t:settings_schema.search_input.settings.predictive_search_show_price.label","info":"t:settings_schema.search_input.settings.predictive_search_show_price.info"}]},{"name":"t:settings_schema.favicon.name","settings":[{"type":"image_picker","id":"favicon","label":"t:settings_schema.favicon.settings.favicon.label","info":"t:settings_schema.favicon.settings.favicon.info"}]},{"name":"t:settings_schema.currency_format.name","settings":[{"type":"header","content":"t:settings_schema.currency_format.settings.content"},{"type":"paragraph","content":"t:settings_schema.currency_format.settings.paragraph"},{"type":"checkbox","id":"currency_code_enabled","label":"t:settings_schema.currency_format.settings.currency_code_enabled.label","default":true}]},{"name":{"en":"Mamuta Smarty App"},"settings":[{"type":"header","content":{"en":"Product page"}},{"type":"radio","id":"mamuta_product_box_position","label":"Campaigns info position","options":[{"value":"before","label":"Before 'Add to Cart' button"},{"value":"after","label":"After 'Add to Cart' button"},{"value":"none","label":"DO NOT Display"}],"default":"after"},{"type":"range","id":"mamuta_product_box_width","label":"Campaigns info relative width","default":75,"min":50,"max":150,"step":1,"unit":"%"},{"type":"range","id":"mamuta_product_box_margin_top","label":"Campaigns info top margin","default":8,"min":-20,"max":80,"step":1,"unit":"px"},{"type":"range","id":"mamuta_product_box_margin_left","label":"Campaigns info left margin","default":8,"min":-20,"max":80,"step":1,"unit":"px"},{"type":"radio","id":"mamuta_product_description_align","label":"Campaign description alignment","options":[{"value":"left","label":"Left"},{"value":"center","label":"Center"},{"value":"right","label":"Right"},{"value":"justify","label":"Justify"}],"default":"left"},{"type":"color","id":"mamuta_product_header_color","label":{"en":"Header color"},"default":"#dc5e19"},{"type":"checkbox","id":"mamuta_product_header_inherit","label":"Use theme header color","default":true,"info":"Header color settings will be ignored"},{"type":"color","id":"mamuta_product_header_background_color","label":{"en":"Header background color"},"default":"#3d4246"},{"type":"checkbox","id":"mamuta_product_header_backgound_inherit","label":"Use theme header background color","default":true,"info":"Header background settings will be ignored"},{"type":"color","id":"mamuta_product_text_color","label":{"en":"Text color"},"default":"#3d4246"},{"type":"color","id":"mamuta_first_line_text_color","label":{"en":"First Line Text color"},"default":"#3d4246"},{"type":"checkbox","id":"mamuta_product_text_inherit","label":"Use theme text color","default":true,"info":"Text color settings will be ignored"},{"type":"color","id":"mamuta_product_background_color","label":{"en":"Background color"},"default":"#3d4246"},{"type":"checkbox","id":"mamuta_product_backgound_inherit","label":"Use theme background color","default":true,"info":"Text background settings will be ignored"},{"type":"color","id":"mamuta_first_line_background_color","label":{"en":"First Line background color"},"default":"#3d4246"},{"type":"checkbox","id":"mamuta_first_line_background_inherit","label":"Use theme background color","default":true,"info":"First line background settings will be ignored"},{"type":"color","id":"mamuta_product_border_color","label":{"en":"Border color"},"default":"#3d4246"},{"type":"checkbox","id":"mamuta_product_border_disable","label":"Disable horizontal borders","default":false,"info":"Horizontal lines will not be displayed"},{"type":"checkbox","id":"mamuta_product_side_border_disable","label":"Disable vertical borders","default":false,"info":"Left\/Right vertical lines will not be displayed"},{"type":"checkbox","id":"mamuta_product_font_inherit","label":"Use theme font settings","default":false,"info":"All font settings will be ignored"},{"type":"font_picker","id":"mamuta_product_text_font","label":"Font","default":"chivo_n4"},{"type":"checkbox","id":"mamuta_plussign_invisible","label":"Do not display '+' sign","default":false,"info":"'+' sign in the tiers will be hid"},{"type":"range","id":"mamuta_product_text_size","label":"Tiers text size","default":15,"min":9,"max":36,"step":1,"unit":"px"},{"type":"range","id":"mamuta_product_text_weight","label":"Tiers text weight","default":400,"min":200,"max":700,"step":100},{"type":"range","id":"mamuta_product_header_size","label":"Table header text size","default":12,"min":9,"max":48,"step":1,"unit":"px"},{"type":"range","id":"mamuta_product_header_weight","label":"Table header text weight","default":400,"min":200,"max":700,"step":100},{"type":"header","content":{"en":"Shopping cart"}},{"type":"checkbox","id":"mamuta_cart_success_invisible","label":"Success message is not visible","default":false,"info":"Success message will be hidden"},{"type":"checkbox","id":"mamuta_cart_upsell_invisible","label":"Upsell message is not visible","default":false,"info":"Upsell message will be hidden"},{"type":"color","id":"mamuta_cart_success_color","label":{"en":"Success message color"},"default":"#dc5e19"},{"type":"checkbox","id":"mamuta_cart_success_inherit","label":"Use theme text color","default":true,"info":"Success message color settings will be ignored"},{"type":"color","id":"mamuta_cart_success_background_color","label":{"en":"Success message background color"},"default":"#3d4246"},{"type":"checkbox","id":"mamuta_cart_success_backgound_inherit","label":"Use theme background color","default":true,"info":"Success message background settings will be ignored"},{"type":"color","id":"mamuta_cart_upsell_color","label":{"en":"Upsell message color"},"default":"#3d4246"},{"type":"checkbox","id":"mamuta_cart_upsell_inherit","label":"Use theme text color","default":true,"info":"Upsell message color settings will be ignored"},{"type":"color","id":"mamuta_cart_upsell_background_color","label":{"en":"Upsell message background color"},"default":"#3d4246"},{"type":"checkbox","id":"mamuta_cart_upsell_backgound_inherit","label":"Use theme background color","default":true,"info":"Upsell message background settings will be ignored"},{"type":"checkbox","id":"mamuta_cart_font_inherit","label":"Use theme font settings","default":true,"info":"All font settings will be ignored"},{"type":"font_picker","id":"mamuta_cart_text_font","label":"Font","default":"work_sans_n6"},{"type":"range","id":"mamuta_cart_text_size","label":"Messages text size","default":10,"min":5,"max":36,"step":1,"unit":"px"},{"type":"range","id":"mamuta_cart_text_weight","label":"Messages text weight","default":400,"min":200,"max":700,"step":100}]}]